{"coverage": 95.29042386185243, "raw_data": {"meta": {"version": "7.3.2", "timestamp": "2023-10-19T17:06:49.537471", "branch_coverage": true, "show_contexts": false}, "files": {"src/download.py": {"executed_lines": [1, 11, 12, 13, 14, 15, 16, 17, 18, 19, 22, 25, 26, 28, 29, 30, 33, 34, 38, 45, 48, 53, 57, 58, 61, 65, 66, 69, 72, 85, 86, 89, 102, 103, 104, 107, 120, 122, 124, 127, 131, 132, 133, 136, 147, 148, 149, 150, 153, 154, 155, 158, 167, 168, 169, 170, 171, 174, 192, 210, 212, 213, 216, 217, 218, 220, 221, 224, 228, 230, 233, 235, 236, 239, 240, 247, 248, 250, 256, 266, 283, 284, 294, 297, 323, 339, 341, 342, 343, 344, 345, 346, 347, 348, 350, 351, 352, 353, 354, 356, 364, 376, 377, 382, 386, 387, 395, 402, 405, 407, 410, 413, 416, 417, 428], "summary": {"covered_lines": 99, "num_statements": 104, "percent_covered": 92.36111111111111, "percent_covered_display": "92", "missing_lines": 5, "excluded_lines": 30, "num_branches": 40, "num_partial_branches": 0, "covered_branches": 34, "missing_branches": 6}, "missing_lines": [181, 182, 183, 188, 189], "excluded_lines": [136, 139, 147, 148, 149, 150, 151, 152, 153, 154, 155, 158, 159, 167, 168, 169, 170, 171, 428, 429, 430, 435, 440, 446, 452, 459, 461, 462, 463, 464], "executed_branches": [[57, -53], [57, 58], [65, 66], [65, 69], [102, 103], [102, 104], [120, 122], [120, 124], [131, 132], [131, 133], [216, 217], [216, 220], [221, 224], [221, 235], [230, 230], [230, 233], [230, 239], [239, 240], [239, 247], [240, -240], [240, 240], [240, 247], [247, 248], [247, 250], [283, -266], [283, 284], [294, -294], [294, 283], [294, 294], [376, 377], [376, 416], [382, 386], [382, 407], [386, 387], [386, 395], [407, -407], [407, 407], [407, 410]], "missing_branches": [[182, 183], [182, 188], [183, -183], [183, 182], [188, -174], [188, 189]]}, "src/pdbparser.py": {"executed_lines": [1, 5, 6, 7, 10, 57, 111, 114, 123, 124, 125, 126, 128, 129, 130, 132, 133, 134, 139, 142, 151, 152, 153, 154, 155, 156, 157, 160, 171, 172, 173, 174, 175, 176, 177, 180, 187, 188, 189, 190, 191, 193, 194, 197, 204, 205, 206, 210, 215, 216, 217, 218, 219, 220, 221, 224, 231, 232, 235], "summary": {"covered_lines": 57, "num_statements": 58, "percent_covered": 94.56521739130434, "percent_covered_display": "95", "missing_lines": 1, "excluded_lines": 3, "num_branches": 34, "num_partial_branches": 4, "covered_branches": 30, "missing_branches": 4}, "missing_lines": [207], "excluded_lines": [235, 237, 239], "executed_branches": [[123, 124], [123, 139], [124, 123], [124, 125], [126, 128], [126, 132], [152, 153], [152, 157], [153, 154], [153, 155], [155, 152], [155, 156], [172, 173], [173, 174], [173, 175], [175, 172], [175, 176], [188, 189], [189, 190], [189, 191], [191, 188], [191, 193], [204, 205], [205, 204], [205, 206], [216, 217], [216, 221], [217, 216], [217, 218], [219, 220]], "missing_branches": [[172, 177], [188, 194], [204, 207], [219, 216]]}, "src/project.py": {"executed_lines": [1, 50, 51, 52, 53, 54, 55, 56, 57, 58, 61, 64, 65, 66, 67, 69, 70, 71, 72, 75, 76, 79, 82, 85, 88, 95, 96, 97, 109, 121, 133, 136, 143, 144, 147, 154, 162, 163, 168, 169, 174, 175, 178, 179, 184, 185, 189, 190, 191, 192, 195, 196, 197, 199, 201, 202, 203, 204, 208, 211, 214, 219, 220, 221, 222, 224, 225, 229, 231, 236, 241, 242, 244, 245, 246, 247, 248, 249, 251, 252, 254, 256, 257, 260, 262, 263, 264, 278, 279, 280, 281, 282, 284, 285, 286, 287, 288, 289, 290, 291, 292, 297, 304, 306, 308, 318, 321, 322, 323, 324, 327, 329, 331, 343, 345, 347, 348, 350, 351, 354, 358, 359, 361, 367, 368, 373, 374, 375, 376, 377, 379, 386, 387, 388, 390, 391, 392, 395, 396, 398, 411, 412, 413, 414, 415, 424, 442, 443, 446, 448, 450, 457, 459, 462, 463, 466, 467, 468, 469, 472, 475, 476, 477, 479, 482, 483, 484, 487, 488, 491, 492, 493, 495, 503], "summary": {"covered_lines": 166, "num_statements": 173, "percent_covered": 94.26229508196721, "percent_covered_display": "94", "missing_lines": 7, "excluded_lines": 29, "num_branches": 71, "num_partial_branches": 3, "covered_branches": 64, "missing_branches": 7}, "missing_lines": [265, 266, 269, 270, 274, 275, 276], "excluded_lines": [136, 137, 143, 144, 450, 451, 453, 454, 503, 505, 508, 509, 516, 517, 523, 529, 535, 543, 547, 548, 552, 560, 562, 564, 566, 569, 571, 573, 574], "executed_branches": [[96, 97], [96, 109], [109, -109], [109, 109], [109, 121], [162, 163], [162, 168], [168, -147], [168, 169], [174, -147], [174, 175], [195, 196], [195, 199], [199, 201], [199, 214], [214, -214], [214, -189], [214, 214], [214, 219], [225, 231], [244, -236], [244, 245], [247, 244], [247, 248], [249, 251], [249, 254], [256, 247], [256, 257], [260, 262], [282, 284], [282, 297], [285, 286], [285, 289], [289, 282], [289, 290], [323, 324], [323, 327], [350, -350], [350, 350], [350, 351], [354, -354], [354, 354], [354, 358], [358, -358], [358, 358], [358, 359], [368, -368], [368, 368], [368, 373], [368, 377], [387, -379], [387, 388], [390, 391], [390, 395], [412, -398], [412, 413], [459, 459], [459, 462], [459, 466], [466, 467], [466, 472], [472, -472], [472, 472], [472, 475], [475, 476], [475, 479], [482, 483], [482, 487], [487, 488], [487, 495], [491, 492], [491, 495]], "missing_branches": [[225, 224], [256, 276], [260, 265], [265, 256], [265, 266], [269, 270], [269, 274]]}, "src/rcsbids.py": {"executed_lines": [1, 12, 15, 18, 19, 22, 24, 27, 34, 35, 36, 37, 40, 46, 47, 48, 50, 53, 59, 60, 61, 64, 71, 74, 81, 83, 86, 89], "summary": {"covered_lines": 22, "num_statements": 22, "percent_covered": 100.0, "percent_covered_display": "100", "missing_lines": 0, "excluded_lines": 12, "num_branches": 8, "num_partial_branches": 0, "covered_branches": 8, "missing_branches": 0}, "missing_lines": [], "excluded_lines": [74, 75, 81, 83, 86, 89, 91, 92, 98, 99, 101, 102], "executed_branches": [[35, -35], [35, 35], [35, 36], [59, -53], [59, 60], [60, 59], [60, 61], [71, -71], [71, -64], [71, 71]], "missing_branches": []}, "src/rcsbquery.py": {"executed_lines": [1, 14, 15, 16, 17, 18, 19, 20, 21, 24, 25, 28, 29, 30, 31, 34, 40, 48, 57, 69, 73, 81, 85, 86, 88, 89, 92, 96, 97, 98, 104, 108, 109, 111, 112, 115, 122, 130, 138, 140, 141, 142, 143, 144, 145, 146, 149, 160, 161, 162, 167, 170, 197, 213, 215, 216, 218, 219, 220, 222, 223, 225, 226, 228, 229, 230, 231, 232, 233, 234, 236, 237, 238, 245, 246, 247, 248, 250, 251, 254, 277, 287], "summary": {"covered_lines": 77, "num_statements": 77, "percent_covered": 100.0, "percent_covered_display": "100", "missing_lines": 0, "excluded_lines": 28, "num_branches": 26, "num_partial_branches": 0, "covered_branches": 26, "missing_branches": 0}, "missing_lines": [], "excluded_lines": [170, 171, 174, 175, 176, 177, 182, 185, 191, 194, 254, 255, 259, 260, 261, 262, 263, 264, 265, 267, 277, 278, 281, 282, 283, 284, 287, 288], "executed_branches": [[85, 86], [85, 88], [96, 97], [96, 98], [98, -98], [98, -92], [98, 98], [108, 109], [108, 111], [140, 141], [140, 142], [142, 143], [142, 144], [144, 145], [144, 146], [215, 216], [215, 218], [222, -197], [222, 223], [222, 225], [231, 232], [231, 250], [232, 231], [232, 233], [233, 234], [233, 236], [246, 247], [246, 248]], "missing_branches": []}, "src/utils.py": {"executed_lines": [1, 6, 9, 16, 17, 19, 22, 56, 57, 58, 60, 61, 62, 63, 64, 65, 66], "summary": {"covered_lines": 16, "num_statements": 16, "percent_covered": 100.0, "percent_covered_display": "100", "missing_lines": 0, "excluded_lines": 0, "num_branches": 8, "num_partial_branches": 0, "covered_branches": 8, "missing_branches": 0}, "missing_lines": [], "excluded_lines": [], "executed_branches": [[16, 17], [16, 19], [60, 61], [60, 62], [62, 63], [62, 64], [64, 65], [64, 66]], "missing_branches": []}}, "totals": {"covered_lines": 437, "num_statements": 450, "percent_covered": 95.29042386185243, "percent_covered_display": "95", "missing_lines": 13, "excluded_lines": 102, "num_branches": 187, "num_partial_branches": 7, "covered_branches": 170, "missing_branches": 17}}, "coverage_path": "."}