{"coverage": 96.92058346839546, "raw_data": {"meta": {"version": "7.3.2", "timestamp": "2023-10-19T07:00:25.057644", "branch_coverage": true, "show_contexts": false}, "files": {"src/download.py": {"executed_lines": [1, 11, 12, 13, 14, 15, 16, 17, 18, 21, 24, 25, 27, 28, 29, 32, 33, 37, 39, 44, 48, 49, 52, 56, 57, 60, 63, 76, 77, 80, 93, 94, 95, 98, 111, 113, 115, 118, 122, 123, 124, 127, 138, 139, 140, 141, 144, 145, 146, 149, 158, 159, 160, 161, 162, 165, 179, 181, 182, 185, 186, 187, 189, 190, 193, 197, 199, 202, 204, 205, 208, 209, 211, 217, 227, 242, 243, 247, 250, 274, 290, 292, 293, 294, 295, 296, 297, 298, 299, 301, 302, 303, 304, 305, 307, 315, 323, 324, 327, 331, 332, 340, 347, 350, 352, 355, 358, 361, 362, 372], "summary": {"covered_lines": 94, "num_statements": 94, "percent_covered": 100.0, "percent_covered_display": "100", "missing_lines": 0, "excluded_lines": 30, "num_branches": 30, "num_partial_branches": 0, "covered_branches": 30, "missing_branches": 0}, "missing_lines": [], "excluded_lines": [127, 130, 138, 139, 140, 141, 142, 143, 144, 145, 146, 149, 150, 158, 159, 160, 161, 162, 372, 373, 374, 379, 384, 390, 396, 403, 405, 406, 407, 408], "executed_branches": [[48, -44], [48, 49], [56, 57], [56, 60], [93, 94], [93, 95], [111, 113], [111, 115], [122, 123], [122, 124], [185, 186], [185, 189], [190, 193], [190, 204], [199, 199], [199, 202], [199, 208], [208, 209], [208, 211], [242, -227], [242, 243], [247, -247], [247, 242], [247, 247], [323, 324], [323, 361], [327, 331], [327, 352], [331, 332], [331, 340], [352, -352], [352, 352], [352, 355]], "missing_branches": []}, "src/pdbparser.py": {"executed_lines": [1, 5, 6, 7, 10, 57, 111, 114, 123, 124, 125, 126, 128, 129, 130, 132, 133, 134, 139, 142, 151, 152, 153, 154, 155, 156, 157, 160, 171, 172, 173, 174, 175, 176, 177, 180, 187, 188, 189, 190, 191, 193, 194, 197, 204, 205, 206, 210, 215, 216, 217, 218, 219, 220, 221, 224, 231, 232, 235], "summary": {"covered_lines": 57, "num_statements": 58, "percent_covered": 94.56521739130434, "percent_covered_display": "95", "missing_lines": 1, "excluded_lines": 3, "num_branches": 34, "num_partial_branches": 4, "covered_branches": 30, "missing_branches": 4}, "missing_lines": [207], "excluded_lines": [235, 237, 239], "executed_branches": [[123, 124], [123, 139], [124, 123], [124, 125], [126, 128], [126, 132], [152, 153], [152, 157], [153, 154], [153, 155], [155, 152], [155, 156], [172, 173], [173, 174], [173, 175], [175, 172], [175, 176], [188, 189], [189, 190], [189, 191], [191, 188], [191, 193], [204, 205], [205, 204], [205, 206], [216, 217], [216, 221], [217, 216], [217, 218], [219, 220]], "missing_branches": [[172, 177], [188, 194], [204, 207], [219, 216]]}, "src/project.py": {"executed_lines": [1, 50, 51, 52, 53, 54, 55, 56, 57, 58, 61, 64, 65, 66, 67, 69, 70, 71, 72, 75, 76, 79, 82, 85, 88, 95, 96, 97, 109, 121, 133, 136, 143, 144, 147, 154, 162, 163, 168, 169, 174, 175, 178, 179, 184, 185, 189, 190, 191, 192, 195, 196, 197, 199, 201, 202, 203, 204, 208, 211, 214, 219, 220, 221, 222, 224, 225, 229, 231, 236, 241, 242, 244, 245, 246, 247, 248, 249, 251, 252, 254, 256, 257, 260, 262, 263, 264, 278, 279, 280, 281, 282, 284, 285, 286, 287, 288, 289, 290, 291, 292, 297, 304, 306, 308, 318, 321, 322, 323, 324, 327, 329, 331, 343, 345, 347, 348, 350, 351, 354, 358, 359, 361, 367, 368, 373, 374, 375, 376, 377, 379, 386, 387, 388, 390, 391, 392, 395, 396, 398, 407, 408, 409, 410, 411, 416, 433, 434, 437, 439, 441, 448, 450, 453, 454, 457, 458, 459, 460, 463, 466, 467, 468, 470, 473, 474, 475, 478, 479, 482, 483, 484, 486, 489], "summary": {"covered_lines": 166, "num_statements": 173, "percent_covered": 94.26229508196721, "percent_covered_display": "94", "missing_lines": 7, "excluded_lines": 28, "num_branches": 71, "num_partial_branches": 3, "covered_branches": 64, "missing_branches": 7}, "missing_lines": [265, 266, 269, 270, 274, 275, 276], "excluded_lines": [136, 137, 143, 144, 441, 442, 444, 445, 489, 491, 494, 495, 502, 503, 509, 515, 521, 525, 526, 530, 538, 540, 542, 544, 547, 549, 551, 552], "executed_branches": [[96, 97], [96, 109], [109, -109], [109, 109], [109, 121], [162, 163], [162, 168], [168, -147], [168, 169], [174, -147], [174, 175], [195, 196], [195, 199], [199, 201], [199, 214], [214, -214], [214, -189], [214, 214], [214, 219], [225, 231], [244, -236], [244, 245], [247, 244], [247, 248], [249, 251], [249, 254], [256, 247], [256, 257], [260, 262], [282, 284], [282, 297], [285, 286], [285, 289], [289, 282], [289, 290], [323, 324], [323, 327], [350, -350], [350, 350], [350, 351], [354, -354], [354, 354], [354, 358], [358, -358], [358, 358], [358, 359], [368, -368], [368, 368], [368, 373], [368, 377], [387, -379], [387, 388], [390, 391], [390, 395], [408, -398], [408, 409], [450, 450], [450, 453], [450, 457], [457, 458], [457, 463], [463, -463], [463, 463], [463, 466], [466, 467], [466, 470], [473, 474], [473, 478], [478, 479], [478, 486], [482, 483], [482, 486]], "missing_branches": [[225, 224], [256, 276], [260, 265], [265, 256], [265, 266], [269, 270], [269, 274]]}, "src/rcsbids.py": {"executed_lines": [1, 12, 15, 18, 19, 22, 24, 27, 34, 35, 36, 37, 40, 46, 47, 48, 50, 53, 59, 60, 61, 64, 71, 74, 81, 83, 86, 89], "summary": {"covered_lines": 22, "num_statements": 22, "percent_covered": 100.0, "percent_covered_display": "100", "missing_lines": 0, "excluded_lines": 12, "num_branches": 8, "num_partial_branches": 0, "covered_branches": 8, "missing_branches": 0}, "missing_lines": [], "excluded_lines": [74, 75, 81, 83, 86, 89, 91, 92, 98, 99, 101, 102], "executed_branches": [[35, -35], [35, 35], [35, 36], [59, -53], [59, 60], [60, 59], [60, 61], [71, -71], [71, -64], [71, 71]], "missing_branches": []}, "src/rcsbquery.py": {"executed_lines": [1, 14, 15, 16, 17, 18, 19, 20, 21, 24, 25, 28, 29, 30, 31, 34, 40, 48, 57, 69, 73, 81, 85, 86, 88, 89, 92, 96, 97, 98, 104, 108, 109, 111, 112, 115, 122, 130, 138, 140, 141, 142, 143, 144, 145, 146, 149, 160, 161, 162, 167, 170, 197, 213, 215, 216, 218, 219, 220, 222, 223, 225, 226, 228, 229, 230, 231, 232, 233, 234, 236, 237, 238, 245, 246, 247, 248, 250, 251, 254, 277, 287], "summary": {"covered_lines": 77, "num_statements": 77, "percent_covered": 100.0, "percent_covered_display": "100", "missing_lines": 0, "excluded_lines": 28, "num_branches": 26, "num_partial_branches": 0, "covered_branches": 26, "missing_branches": 0}, "missing_lines": [], "excluded_lines": [170, 171, 174, 175, 176, 177, 182, 185, 191, 194, 254, 255, 259, 260, 261, 262, 263, 264, 265, 267, 277, 278, 281, 282, 283, 284, 287, 288], "executed_branches": [[85, 86], [85, 88], [96, 97], [96, 98], [98, -98], [98, -92], [98, 98], [108, 109], [108, 111], [140, 141], [140, 142], [142, 143], [142, 144], [144, 145], [144, 146], [215, 216], [215, 218], [222, -197], [222, 223], [222, 225], [231, 232], [231, 250], [232, 231], [232, 233], [233, 234], [233, 236], [246, 247], [246, 248]], "missing_branches": []}, "src/utils.py": {"executed_lines": [1, 6, 9, 16, 17, 19, 22, 56, 57, 58, 60, 61, 62, 63, 64, 65, 66], "summary": {"covered_lines": 16, "num_statements": 16, "percent_covered": 100.0, "percent_covered_display": "100", "missing_lines": 0, "excluded_lines": 0, "num_branches": 8, "num_partial_branches": 0, "covered_branches": 8, "missing_branches": 0}, "missing_lines": [], "excluded_lines": [], "executed_branches": [[16, 17], [16, 19], [60, 61], [60, 62], [62, 63], [62, 64], [64, 65], [64, 66]], "missing_branches": []}}, "totals": {"covered_lines": 432, "num_statements": 440, "percent_covered": 96.92058346839546, "percent_covered_display": "97", "missing_lines": 8, "excluded_lines": 101, "num_branches": 177, "num_partial_branches": 7, "covered_branches": 166, "missing_branches": 11}}, "coverage_path": "."}