{"coverage": 97.32441471571906, "raw_data": {"meta": {"version": "7.3.2", "timestamp": "2023-10-19T21:54:33.578079", "branch_coverage": true, "show_contexts": false}, "files": {"src/download.py": {"executed_lines": [1, 11, 12, 13, 14, 15, 16, 17, 18, 19, 22, 25, 26, 28, 29, 30, 33, 34, 38, 45, 48, 53, 57, 58, 61, 65, 66, 69, 72, 85, 86, 89, 102, 103, 104, 107, 120, 122, 124, 127, 131, 132, 133, 136, 147, 148, 149, 150, 153, 154, 155, 158, 167, 168, 169, 170, 171, 174, 192, 210, 212, 213, 216, 217, 218, 220, 221, 224, 228, 230, 233, 235, 236, 239, 240, 247, 248, 250, 256, 266, 283, 284, 294, 297, 323, 339, 341, 342, 343, 344, 345, 346, 347, 348, 350, 351, 352, 353, 354, 356, 364, 376, 377, 382, 386, 387, 395, 402, 405, 407, 410, 413, 416, 417, 428], "summary": {"covered_lines": 99, "num_statements": 104, "percent_covered": 92.36111111111111, "percent_covered_display": "92", "missing_lines": 5, "excluded_lines": 30, "num_branches": 40, "num_partial_branches": 0, "covered_branches": 34, "missing_branches": 6}, "missing_lines": [181, 182, 183, 188, 189], "excluded_lines": [136, 139, 147, 148, 149, 150, 151, 152, 153, 154, 155, 158, 159, 167, 168, 169, 170, 171, 428, 429, 430, 435, 440, 446, 452, 459, 461, 462, 463, 464], "executed_branches": [[57, -53], [57, 58], [65, 66], [65, 69], [102, 103], [102, 104], [120, 122], [120, 124], [131, 132], [131, 133], [216, 217], [216, 220], [221, 224], [221, 235], [230, 230], [230, 233], [230, 239], [239, 240], [239, 247], [240, -240], [240, 240], [240, 247], [247, 248], [247, 250], [283, -266], [283, 284], [294, -294], [294, 283], [294, 294], [376, 377], [376, 416], [382, 386], [382, 407], [386, 387], [386, 395], [407, -407], [407, 407], [407, 410]], "missing_branches": [[182, 183], [182, 188], [183, -183], [183, 182], [188, -174], [188, 189]]}, "src/pdbparser.py": {"executed_lines": [1, 5, 6, 7, 8, 11, 58, 113, 115, 127, 156, 158, 159, 160, 161, 162, 163, 164, 165, 166, 167, 168, 174, 175, 176, 181, 182, 183, 184, 185, 186, 187, 188, 189, 190, 192, 193, 194, 195, 196, 197, 200], "summary": {"covered_lines": 40, "num_statements": 43, "percent_covered": 93.44262295081967, "percent_covered_display": "93", "missing_lines": 3, "excluded_lines": 3, "num_branches": 18, "num_partial_branches": 1, "covered_branches": 17, "missing_branches": 1}, "missing_lines": [170, 171, 172], "excluded_lines": [200, 202, 204], "executed_branches": [[163, 164], [163, 192], [164, 165], [164, 181], [167, -167], [167, 167], [167, 168], [168, 174], [181, 182], [181, 183], [183, 184], [183, 185], [185, 186], [185, 187], [187, 188], [187, 189], [189, 163], [189, 190]], "missing_branches": [[168, 170]]}, "src/project.py": {"executed_lines": [1, 50, 51, 52, 53, 54, 55, 56, 57, 58, 61, 64, 65, 66, 67, 69, 70, 71, 72, 75, 76, 79, 82, 85, 88, 95, 96, 97, 109, 121, 133, 136, 143, 144, 147, 154, 162, 163, 168, 169, 174, 175, 178, 179, 184, 185, 189, 190, 191, 192, 195, 196, 197, 199, 201, 202, 203, 204, 208, 211, 214, 219, 220, 221, 222, 224, 225, 229, 231, 236, 241, 242, 244, 245, 246, 247, 248, 249, 251, 252, 254, 256, 257, 258, 259, 260, 261, 262, 263, 265, 266, 267, 268, 269, 271, 272, 273, 274, 275, 276, 277, 278, 279, 284, 291, 293, 295, 305, 308, 309, 310, 311, 314, 316, 318, 330, 332, 334, 335, 337, 338, 341, 345, 346, 348, 354, 355, 360, 361, 362, 363, 364, 366, 373, 374, 375, 377, 378, 379, 382, 383, 385, 398, 399, 400, 401, 402, 411, 429, 430, 433, 435, 437, 444, 446, 449, 450, 453, 454, 455, 456, 459, 462, 463, 464, 466, 469, 470, 471, 474, 475, 478, 479, 480, 482, 490], "summary": {"covered_lines": 168, "num_statements": 168, "percent_covered": 99.57627118644068, "percent_covered_display": "99", "missing_lines": 0, "excluded_lines": 29, "num_branches": 68, "num_partial_branches": 1, "covered_branches": 67, "missing_branches": 1}, "missing_lines": [], "excluded_lines": [136, 137, 143, 144, 437, 438, 440, 441, 490, 492, 495, 496, 503, 504, 510, 516, 522, 530, 534, 535, 539, 547, 549, 551, 553, 556, 558, 560, 561], "executed_branches": [[96, 97], [96, 109], [109, -109], [109, 109], [109, 121], [162, 163], [162, 168], [168, -147], [168, 169], [174, -147], [174, 175], [195, 196], [195, 199], [199, 201], [199, 214], [214, -214], [214, -189], [214, 214], [214, 219], [225, 231], [244, -236], [244, 245], [247, 244], [247, 248], [249, 251], [249, 254], [256, 257], [256, 263], [258, 256], [258, 259], [260, 261], [260, 262], [269, 271], [269, 284], [272, 273], [272, 276], [276, 269], [276, 277], [310, 311], [310, 314], [337, -337], [337, 337], [337, 338], [341, -341], [341, 341], [341, 345], [345, -345], [345, 345], [345, 346], [355, -355], [355, 355], [355, 360], [355, 364], [374, -366], [374, 375], [377, 378], [377, 382], [399, -385], [399, 400], [446, 446], [446, 449], [446, 453], [453, 454], [453, 459], [459, -459], [459, 459], [459, 462], [462, 463], [462, 466], [469, 470], [469, 474], [474, 475], [474, 482], [478, 479], [478, 482]], "missing_branches": [[225, 224]]}, "src/rcsbids.py": {"executed_lines": [1, 12, 15, 18, 19, 22, 24, 27, 34, 35, 36, 37, 40, 46, 47, 48, 50, 53, 59, 60, 61, 64, 71, 74, 81, 83, 86, 89], "summary": {"covered_lines": 22, "num_statements": 22, "percent_covered": 100.0, "percent_covered_display": "100", "missing_lines": 0, "excluded_lines": 12, "num_branches": 8, "num_partial_branches": 0, "covered_branches": 8, "missing_branches": 0}, "missing_lines": [], "excluded_lines": [74, 75, 81, 83, 86, 89, 91, 92, 98, 99, 101, 102], "executed_branches": [[35, -35], [35, 35], [35, 36], [59, -53], [59, 60], [60, 59], [60, 61], [71, -71], [71, -64], [71, 71]], "missing_branches": []}, "src/rcsbquery.py": {"executed_lines": [1, 14, 15, 16, 17, 18, 19, 20, 21, 24, 25, 28, 29, 30, 31, 34, 40, 48, 57, 69, 73, 81, 85, 86, 88, 89, 92, 96, 97, 98, 104, 108, 109, 111, 112, 115, 122, 130, 138, 140, 141, 142, 143, 144, 145, 146, 149, 160, 161, 162, 167, 170, 197, 213, 215, 216, 218, 219, 220, 222, 223, 225, 226, 228, 229, 230, 231, 232, 233, 234, 236, 237, 238, 245, 246, 247, 248, 250, 251, 254, 277, 287], "summary": {"covered_lines": 77, "num_statements": 77, "percent_covered": 100.0, "percent_covered_display": "100", "missing_lines": 0, "excluded_lines": 28, "num_branches": 26, "num_partial_branches": 0, "covered_branches": 26, "missing_branches": 0}, "missing_lines": [], "excluded_lines": [170, 171, 174, 175, 176, 177, 182, 185, 191, 194, 254, 255, 259, 260, 261, 262, 263, 264, 265, 267, 277, 278, 281, 282, 283, 284, 287, 288], "executed_branches": [[85, 86], [85, 88], [96, 97], [96, 98], [98, -98], [98, -92], [98, 98], [108, 109], [108, 111], [140, 141], [140, 142], [142, 143], [142, 144], [144, 145], [144, 146], [215, 216], [215, 218], [222, -197], [222, 223], [222, 225], [231, 232], [231, 250], [232, 231], [232, 233], [233, 234], [233, 236], [246, 247], [246, 248]], "missing_branches": []}, "src/utils.py": {"executed_lines": [1, 6, 9, 16, 17, 19, 22, 56, 57, 58, 60, 61, 62, 63, 64, 65, 66], "summary": {"covered_lines": 16, "num_statements": 16, "percent_covered": 100.0, "percent_covered_display": "100", "missing_lines": 0, "excluded_lines": 0, "num_branches": 8, "num_partial_branches": 0, "covered_branches": 8, "missing_branches": 0}, "missing_lines": [], "excluded_lines": [], "executed_branches": [[16, 17], [16, 19], [60, 61], [60, 62], [62, 63], [62, 64], [64, 65], [64, 66]], "missing_branches": []}}, "totals": {"covered_lines": 422, "num_statements": 430, "percent_covered": 97.32441471571906, "percent_covered_display": "97", "missing_lines": 8, "excluded_lines": 102, "num_branches": 168, "num_partial_branches": 2, "covered_branches": 160, "missing_branches": 8}}, "coverage_path": "."}