{"coverage": 96.60493827160494, "raw_data": {"meta": {"version": "7.3.2", "timestamp": "2023-10-20T20:56:20.274614", "branch_coverage": true, "show_contexts": false}, "files": {"src/download.py": {"executed_lines": [1, 11, 12, 13, 14, 15, 16, 17, 18, 19, 22, 25, 26, 28, 29, 30, 33, 34, 38, 45, 48, 53, 57, 58, 61, 65, 66, 69, 72, 85, 86, 89, 102, 103, 104, 107, 120, 122, 124, 127, 131, 132, 133, 136, 147, 148, 149, 150, 153, 154, 155, 158, 167, 168, 169, 170, 171, 174, 192, 210, 212, 213, 216, 217, 218, 220, 221, 224, 228, 230, 233, 235, 236, 239, 240, 247, 248, 250, 256, 266, 283, 284, 294, 297, 323, 339, 341, 342, 343, 344, 345, 346, 347, 348, 350, 351, 352, 353, 354, 356, 364, 376, 377, 382, 386, 387, 395, 402, 405, 407, 410, 413, 416, 417, 428], "summary": {"covered_lines": 99, "num_statements": 104, "percent_covered": 92.36111111111111, "percent_covered_display": "92", "missing_lines": 5, "excluded_lines": 30, "num_branches": 40, "num_partial_branches": 0, "covered_branches": 34, "missing_branches": 6}, "missing_lines": [181, 182, 183, 188, 189], "excluded_lines": [136, 139, 147, 148, 149, 150, 151, 152, 153, 154, 155, 158, 159, 167, 168, 169, 170, 171, 428, 429, 430, 435, 440, 446, 452, 459, 461, 462, 463, 464], "executed_branches": [[57, -53], [57, 58], [65, 66], [65, 69], [102, 103], [102, 104], [120, 122], [120, 124], [131, 132], [131, 133], [216, 217], [216, 220], [221, 224], [221, 235], [230, 230], [230, 233], [230, 239], [239, 240], [239, 247], [240, -240], [240, 240], [240, 247], [247, 248], [247, 250], [283, -266], [283, 284], [294, -294], [294, 283], [294, 294], [376, 377], [376, 416], [382, 386], [382, 407], [386, 387], [386, 395], [407, -407], [407, 407], [407, 410]], "missing_branches": [[182, 183], [182, 188], [183, -183], [183, 182], [188, -174], [188, 189]]}, "src/pdbparser.py": {"executed_lines": [1, 5, 6, 7, 8, 11, 58, 113, 115, 127, 143, 151, 152, 153, 156, 185, 187, 188, 189, 190, 191, 192, 193, 194, 195, 196, 197, 203, 204, 205, 210, 211, 212, 213, 214, 215, 216, 217, 218, 219, 221, 222, 223, 224, 225, 226, 229], "summary": {"covered_lines": 45, "num_statements": 48, "percent_covered": 93.93939393939394, "percent_covered_display": "94", "missing_lines": 3, "excluded_lines": 3, "num_branches": 18, "num_partial_branches": 1, "covered_branches": 17, "missing_branches": 1}, "missing_lines": [199, 200, 201], "excluded_lines": [229, 231, 233], "executed_branches": [[192, 193], [192, 221], [193, 194], [193, 210], [196, -196], [196, 196], [196, 197], [197, 203], [210, 211], [210, 212], [212, 213], [212, 214], [214, 215], [214, 216], [216, 217], [216, 218], [218, 192], [218, 219]], "missing_branches": [[197, 199]]}, "src/project.py": {"executed_lines": [1, 50, 51, 52, 53, 54, 55, 56, 57, 58, 59, 62, 65, 66, 67, 68, 70, 71, 72, 73, 76, 77, 80, 83, 86, 89, 96, 97, 98, 110, 122, 134, 137, 144, 145, 148, 155, 163, 164, 169, 170, 175, 176, 179, 189, 190, 191, 192, 193, 194, 195, 196, 197, 198, 199, 202, 203, 204, 205, 207, 208, 209, 210, 213, 214, 219, 220, 224, 225, 226, 227, 230, 231, 232, 234, 236, 237, 238, 239, 243, 246, 249, 254, 255, 256, 257, 259, 260, 264, 266, 271, 275, 276, 277, 279, 284, 285, 287, 288, 289, 290, 291, 292, 293, 294, 296, 297, 299, 300, 301, 302, 303, 304, 305, 306, 307, 309, 310, 311, 312, 313, 315, 316, 317, 318, 319, 320, 321, 322, 323, 328, 335, 337, 339, 349, 352, 353, 354, 355, 358, 360, 362, 374, 376, 378, 379, 381, 382, 385, 389, 390, 392, 398, 399, 404, 405, 406, 407, 408, 413, 415, 422, 423, 424, 426, 431, 432, 434, 447, 448, 449, 450, 451, 460, 478, 479, 482, 484, 486, 493, 495, 498, 499, 502, 503, 504, 505, 508, 511, 512, 513, 515, 518, 519, 520, 523, 524, 527, 528, 529, 531, 539], "summary": {"covered_lines": 194, "num_statements": 197, "percent_covered": 97.50889679715303, "percent_covered_display": "98", "missing_lines": 3, "excluded_lines": 29, "num_branches": 84, "num_partial_branches": 4, "covered_branches": 80, "missing_branches": 4}, "missing_lines": [200, 427, 428], "excluded_lines": [137, 138, 144, 145, 486, 487, 489, 490, 539, 541, 544, 545, 552, 553, 559, 565, 571, 579, 583, 584, 588, 596, 598, 600, 602, 605, 607, 609, 610], "executed_branches": [[97, 98], [97, 110], [110, -110], [110, 110], [110, 122], [163, 164], [163, 169], [169, -148], [169, 170], [175, -148], [175, 176], [191, 192], [191, 203], [192, 191], [192, 193], [194, 191], [194, 195], [197, 198], [197, 199], [199, 202], [203, 204], [208, 209], [208, 210], [230, 231], [230, 234], [234, 236], [234, 249], [249, -249], [249, -224], [249, 249], [249, 254], [260, 266], [275, 276], [275, 277], [288, -279], [288, 289], [291, 292], [291, 306], [296, 297], [296, 305], [300, 296], [300, 301], [302, 303], [302, 304], [306, -306], [306, 307], [313, 315], [313, 328], [316, 317], [316, 320], [320, 313], [320, 321], [354, 355], [354, 358], [381, -381], [381, 381], [381, 382], [385, -385], [385, 385], [385, 389], [389, -389], [389, 389], [389, 390], [399, -399], [399, 399], [399, 404], [399, 408], [423, -415], [423, 424], [426, 431], [448, -434], [448, 449], [495, 495], [495, 498], [495, 502], [502, 503], [502, 508], [508, -508], [508, 508], [508, 511], [511, 512], [511, 515], [518, 519], [518, 523], [523, 524], [523, 531], [527, 528], [527, 531]], "missing_branches": [[199, 200], [203, 207], [260, 259], [426, 427]]}, "src/rcsbids.py": {"executed_lines": [1, 12, 15, 18, 19, 22, 24, 27, 34, 35, 36, 37, 40, 46, 47, 48, 50, 53, 59, 60, 61, 64, 71, 74, 81, 83, 86, 89], "summary": {"covered_lines": 22, "num_statements": 22, "percent_covered": 100.0, "percent_covered_display": "100", "missing_lines": 0, "excluded_lines": 12, "num_branches": 8, "num_partial_branches": 0, "covered_branches": 8, "missing_branches": 0}, "missing_lines": [], "excluded_lines": [74, 75, 81, 83, 86, 89, 91, 92, 98, 99, 101, 102], "executed_branches": [[35, -35], [35, 35], [35, 36], [59, -53], [59, 60], [60, 59], [60, 61], [71, -71], [71, -64], [71, 71]], "missing_branches": []}, "src/rcsbquery.py": {"executed_lines": [1, 14, 15, 16, 17, 18, 19, 20, 21, 24, 25, 28, 29, 30, 31, 34, 40, 48, 57, 69, 73, 81, 85, 86, 88, 89, 92, 96, 97, 98, 104, 108, 109, 111, 112, 115, 122, 130, 138, 140, 141, 142, 143, 144, 145, 146, 149, 160, 161, 162, 167, 170, 197, 213, 215, 216, 218, 219, 220, 222, 223, 225, 226, 228, 229, 230, 231, 232, 233, 234, 236, 237, 238, 245, 246, 247, 248, 250, 251, 254, 277, 287], "summary": {"covered_lines": 77, "num_statements": 77, "percent_covered": 100.0, "percent_covered_display": "100", "missing_lines": 0, "excluded_lines": 28, "num_branches": 26, "num_partial_branches": 0, "covered_branches": 26, "missing_branches": 0}, "missing_lines": [], "excluded_lines": [170, 171, 174, 175, 176, 177, 182, 185, 191, 194, 254, 255, 259, 260, 261, 262, 263, 264, 265, 267, 277, 278, 281, 282, 283, 284, 287, 288], "executed_branches": [[85, 86], [85, 88], [96, 97], [96, 98], [98, -98], [98, -92], [98, 98], [108, 109], [108, 111], [140, 141], [140, 142], [142, 143], [142, 144], [144, 145], [144, 146], [215, 216], [215, 218], [222, -197], [222, 223], [222, 225], [231, 232], [231, 250], [232, 231], [232, 233], [233, 234], [233, 236], [246, 247], [246, 248]], "missing_branches": []}, "src/utils.py": {"executed_lines": [1, 6, 9, 16, 17, 19, 22, 56, 57, 58, 60, 61, 62, 63, 64, 65, 66], "summary": {"covered_lines": 16, "num_statements": 16, "percent_covered": 100.0, "percent_covered_display": "100", "missing_lines": 0, "excluded_lines": 0, "num_branches": 8, "num_partial_branches": 0, "covered_branches": 8, "missing_branches": 0}, "missing_lines": [], "excluded_lines": [], "executed_branches": [[16, 17], [16, 19], [60, 61], [60, 62], [62, 63], [62, 64], [64, 65], [64, 66]], "missing_branches": []}}, "totals": {"covered_lines": 453, "num_statements": 464, "percent_covered": 96.60493827160494, "percent_covered_display": "97", "missing_lines": 11, "excluded_lines": 102, "num_branches": 184, "num_partial_branches": 5, "covered_branches": 173, "missing_branches": 11}},